--
-- PostgreSQL database dump
--

-- Dumped from database version 17.4 (Debian 17.4-1.pgdg120+2)
-- Dumped by pg_dump version 17.4 (Debian 17.4-1.pgdg120+2)

SET statement_timeout = 0;
SET lock_timeout = 0;
SET idle_in_transaction_session_timeout = 0;
SET transaction_timeout = 0;
SET client_encoding = 'UTF8';
SET standard_conforming_strings = on;
SELECT pg_catalog.set_config('search_path', '', false);
SET check_function_bodies = false;
SET xmloption = content;
SET client_min_messages = warning;
SET row_security = off;

SET default_tablespace = '';

SET default_table_access_method = heap;

--
-- Name: Auto_Service_appointment; Type: TABLE; Schema: public; Owner: -
--

CREATE TABLE public."Auto_Service_appointment" (
    id bigint NOT NULL,
    date character varying(10) NOT NULL,
    "time" time without time zone NOT NULL,
    status character varying(50) NOT NULL,
    client_id bigint NOT NULL,
    master_id bigint NOT NULL,
    service_id bigint NOT NULL
);


--
-- Name: Auto_Service_appointment_id_seq; Type: SEQUENCE; Schema: public; Owner: -
--

ALTER TABLE public."Auto_Service_appointment" ALTER COLUMN id ADD GENERATED BY DEFAULT AS IDENTITY (
    SEQUENCE NAME public."Auto_Service_appointment_id_seq"
    START WITH 1
    INCREMENT BY 1
    NO MINVALUE
    NO MAXVALUE
    CACHE 1
);


--
-- Name: Auto_Service_client; Type: TABLE; Schema: public; Owner: -
--

CREATE TABLE public."Auto_Service_client" (
    id bigint NOT NULL,
    name character varying(100) NOT NULL,
    phone character varying(15) NOT NULL,
    last_login timestamp with time zone NOT NULL,
    user_id integer NOT NULL
);


--
-- Name: Auto_Service_client_id_seq; Type: SEQUENCE; Schema: public; Owner: -
--

ALTER TABLE public."Auto_Service_client" ALTER COLUMN id ADD GENERATED BY DEFAULT AS IDENTITY (
    SEQUENCE NAME public."Auto_Service_client_id_seq"
    START WITH 1
    INCREMENT BY 1
    NO MINVALUE
    NO MAXVALUE
    CACHE 1
);


--
-- Name: Auto_Service_master; Type: TABLE; Schema: public; Owner: -
--

CREATE TABLE public."Auto_Service_master" (
    id bigint NOT NULL,
    full_name character varying(100) NOT NULL,
    phone character varying(15) NOT NULL,
    experience numeric(100,0) NOT NULL,
    is_active boolean NOT NULL,
    user_id integer NOT NULL
);


--
-- Name: Auto_Service_master_id_seq; Type: SEQUENCE; Schema: public; Owner: -
--

ALTER TABLE public."Auto_Service_master" ALTER COLUMN id ADD GENERATED BY DEFAULT AS IDENTITY (
    SEQUENCE NAME public."Auto_Service_master_id_seq"
    START WITH 1
    INCREMENT BY 1
    NO MINVALUE
    NO MAXVALUE
    CACHE 1
);


--
-- Name: Auto_Service_service; Type: TABLE; Schema: public; Owner: -
--

CREATE TABLE public."Auto_Service_service" (
    id bigint NOT NULL,
    info character varying(200) NOT NULL,
    price numeric(10,0) NOT NULL
);


--
-- Name: Auto_Service_service_id_seq; Type: SEQUENCE; Schema: public; Owner: -
--

ALTER TABLE public."Auto_Service_service" ALTER COLUMN id ADD GENERATED BY DEFAULT AS IDENTITY (
    SEQUENCE NAME public."Auto_Service_service_id_seq"
    START WITH 1
    INCREMENT BY 1
    NO MINVALUE
    NO MAXVALUE
    CACHE 1
);


--
-- Name: auth_group; Type: TABLE; Schema: public; Owner: -
--

CREATE TABLE public.auth_group (
    id integer NOT NULL,
    name character varying(150) NOT NULL
);


--
-- Name: auth_group_id_seq; Type: SEQUENCE; Schema: public; Owner: -
--

ALTER TABLE public.auth_group ALTER COLUMN id ADD GENERATED BY DEFAULT AS IDENTITY (
    SEQUENCE NAME public.auth_group_id_seq
    START WITH 1
    INCREMENT BY 1
    NO MINVALUE
    NO MAXVALUE
    CACHE 1
);


--
-- Name: auth_group_permissions; Type: TABLE; Schema: public; Owner: -
--

CREATE TABLE public.auth_group_permissions (
    id bigint NOT NULL,
    group_id integer NOT NULL,
    permission_id integer NOT NULL
);


--
-- Name: auth_group_permissions_id_seq; Type: SEQUENCE; Schema: public; Owner: -
--

ALTER TABLE public.auth_group_permissions ALTER COLUMN id ADD GENERATED BY DEFAULT AS IDENTITY (
    SEQUENCE NAME public.auth_group_permissions_id_seq
    START WITH 1
    INCREMENT BY 1
    NO MINVALUE
    NO MAXVALUE
    CACHE 1
);


--
-- Name: auth_permission; Type: TABLE; Schema: public; Owner: -
--

CREATE TABLE public.auth_permission (
    id integer NOT NULL,
    name character varying(255) NOT NULL,
    content_type_id integer NOT NULL,
    codename character varying(100) NOT NULL
);


--
-- Name: auth_permission_id_seq; Type: SEQUENCE; Schema: public; Owner: -
--

ALTER TABLE public.auth_permission ALTER COLUMN id ADD GENERATED BY DEFAULT AS IDENTITY (
    SEQUENCE NAME public.auth_permission_id_seq
    START WITH 1
    INCREMENT BY 1
    NO MINVALUE
    NO MAXVALUE
    CACHE 1
);


--
-- Name: auth_user; Type: TABLE; Schema: public; Owner: -
--

CREATE TABLE public.auth_user (
    id integer NOT NULL,
    password character varying(128) NOT NULL,
    last_login timestamp with time zone,
    is_superuser boolean NOT NULL,
    username character varying(150) NOT NULL,
    first_name character varying(150) NOT NULL,
    last_name character varying(150) NOT NULL,
    email character varying(254) NOT NULL,
    is_staff boolean NOT NULL,
    is_active boolean NOT NULL,
    date_joined timestamp with time zone NOT NULL
);


--
-- Name: auth_user_groups; Type: TABLE; Schema: public; Owner: -
--

CREATE TABLE public.auth_user_groups (
    id bigint NOT NULL,
    user_id integer NOT NULL,
    group_id integer NOT NULL
);


--
-- Name: auth_user_groups_id_seq; Type: SEQUENCE; Schema: public; Owner: -
--

ALTER TABLE public.auth_user_groups ALTER COLUMN id ADD GENERATED BY DEFAULT AS IDENTITY (
    SEQUENCE NAME public.auth_user_groups_id_seq
    START WITH 1
    INCREMENT BY 1
    NO MINVALUE
    NO MAXVALUE
    CACHE 1
);


--
-- Name: auth_user_id_seq; Type: SEQUENCE; Schema: public; Owner: -
--

ALTER TABLE public.auth_user ALTER COLUMN id ADD GENERATED BY DEFAULT AS IDENTITY (
    SEQUENCE NAME public.auth_user_id_seq
    START WITH 1
    INCREMENT BY 1
    NO MINVALUE
    NO MAXVALUE
    CACHE 1
);


--
-- Name: auth_user_user_permissions; Type: TABLE; Schema: public; Owner: -
--

CREATE TABLE public.auth_user_user_permissions (
    id bigint NOT NULL,
    user_id integer NOT NULL,
    permission_id integer NOT NULL
);


--
-- Name: auth_user_user_permissions_id_seq; Type: SEQUENCE; Schema: public; Owner: -
--

ALTER TABLE public.auth_user_user_permissions ALTER COLUMN id ADD GENERATED BY DEFAULT AS IDENTITY (
    SEQUENCE NAME public.auth_user_user_permissions_id_seq
    START WITH 1
    INCREMENT BY 1
    NO MINVALUE
    NO MAXVALUE
    CACHE 1
);


--
-- Name: django_admin_log; Type: TABLE; Schema: public; Owner: -
--

CREATE TABLE public.django_admin_log (
    id integer NOT NULL,
    action_time timestamp with time zone NOT NULL,
    object_id text,
    object_repr character varying(200) NOT NULL,
    action_flag smallint NOT NULL,
    change_message text NOT NULL,
    content_type_id integer,
    user_id integer NOT NULL,
    CONSTRAINT django_admin_log_action_flag_check CHECK ((action_flag >= 0))
);


--
-- Name: django_admin_log_id_seq; Type: SEQUENCE; Schema: public; Owner: -
--

ALTER TABLE public.django_admin_log ALTER COLUMN id ADD GENERATED BY DEFAULT AS IDENTITY (
    SEQUENCE NAME public.django_admin_log_id_seq
    START WITH 1
    INCREMENT BY 1
    NO MINVALUE
    NO MAXVALUE
    CACHE 1
);


--
-- Name: django_content_type; Type: TABLE; Schema: public; Owner: -
--

CREATE TABLE public.django_content_type (
    id integer NOT NULL,
    app_label character varying(100) NOT NULL,
    model character varying(100) NOT NULL
);


--
-- Name: django_content_type_id_seq; Type: SEQUENCE; Schema: public; Owner: -
--

ALTER TABLE public.django_content_type ALTER COLUMN id ADD GENERATED BY DEFAULT AS IDENTITY (
    SEQUENCE NAME public.django_content_type_id_seq
    START WITH 1
    INCREMENT BY 1
    NO MINVALUE
    NO MAXVALUE
    CACHE 1
);


--
-- Name: django_migrations; Type: TABLE; Schema: public; Owner: -
--

CREATE TABLE public.django_migrations (
    id bigint NOT NULL,
    app character varying(255) NOT NULL,
    name character varying(255) NOT NULL,
    applied timestamp with time zone NOT NULL
);


--
-- Name: django_migrations_id_seq; Type: SEQUENCE; Schema: public; Owner: -
--

ALTER TABLE public.django_migrations ALTER COLUMN id ADD GENERATED BY DEFAULT AS IDENTITY (
    SEQUENCE NAME public.django_migrations_id_seq
    START WITH 1
    INCREMENT BY 1
    NO MINVALUE
    NO MAXVALUE
    CACHE 1
);


--
-- Name: django_session; Type: TABLE; Schema: public; Owner: -
--

CREATE TABLE public.django_session (
    session_key character varying(40) NOT NULL,
    session_data text NOT NULL,
    expire_date timestamp with time zone NOT NULL
);


--
-- Name: token_blacklist_blacklistedtoken; Type: TABLE; Schema: public; Owner: -
--

CREATE TABLE public.token_blacklist_blacklistedtoken (
    id bigint NOT NULL,
    blacklisted_at timestamp with time zone NOT NULL,
    token_id bigint NOT NULL
);


--
-- Name: token_blacklist_blacklistedtoken_id_seq; Type: SEQUENCE; Schema: public; Owner: -
--

ALTER TABLE public.token_blacklist_blacklistedtoken ALTER COLUMN id ADD GENERATED BY DEFAULT AS IDENTITY (
    SEQUENCE NAME public.token_blacklist_blacklistedtoken_id_seq
    START WITH 1
    INCREMENT BY 1
    NO MINVALUE
    NO MAXVALUE
    CACHE 1
);


--
-- Name: token_blacklist_outstandingtoken; Type: TABLE; Schema: public; Owner: -
--

CREATE TABLE public.token_blacklist_outstandingtoken (
    id bigint NOT NULL,
    token text NOT NULL,
    created_at timestamp with time zone,
    expires_at timestamp with time zone NOT NULL,
    user_id integer,
    jti character varying(255) NOT NULL
);


--
-- Name: token_blacklist_outstandingtoken_id_seq; Type: SEQUENCE; Schema: public; Owner: -
--

ALTER TABLE public.token_blacklist_outstandingtoken ALTER COLUMN id ADD GENERATED BY DEFAULT AS IDENTITY (
    SEQUENCE NAME public.token_blacklist_outstandingtoken_id_seq
    START WITH 1
    INCREMENT BY 1
    NO MINVALUE
    NO MAXVALUE
    CACHE 1
);


--
-- Data for Name: Auto_Service_appointment; Type: TABLE DATA; Schema: public; Owner: -
--

COPY public."Auto_Service_appointment" (id, date, "time", status, client_id, master_id, service_id) FROM stdin;
4	2025-05-31	09:00:00	Запланировано	4	4	1
5	2025-05-31	10:00:00	Запланировано	4	4	1
3	2025-05-31	09:00:00	Отменена	4	4	1
6	2026-12-12	09:00:00	Запланировано	4	5	1
\.


--
-- Data for Name: Auto_Service_client; Type: TABLE DATA; Schema: public; Owner: -
--

COPY public."Auto_Service_client" (id, name, phone, last_login, user_id) FROM stdin;
3	asdf	1234	2025-05-29 21:39:50.449938+00	14
4	Клиент	89372111245	2025-05-30 09:52:12.48648+00	15
\.


--
-- Data for Name: Auto_Service_master; Type: TABLE DATA; Schema: public; Owner: -
--

COPY public."Auto_Service_master" (id, full_name, phone, experience, is_active, user_id) FROM stdin;
4	Юрий	123	6	t	12
5	Лев	1234	6	t	13
\.


--
-- Data for Name: Auto_Service_service; Type: TABLE DATA; Schema: public; Owner: -
--

COPY public."Auto_Service_service" (id, info, price) FROM stdin;
1	Замена масла	1000
2	Шиномонтаж	3000
3	Диагностика ошибок	1500
4	Замена колодок	100000
5	Рихтовка	123123
6	Покраска	20
\.


--
-- Data for Name: auth_group; Type: TABLE DATA; Schema: public; Owner: -
--

COPY public.auth_group (id, name) FROM stdin;
\.


--
-- Data for Name: auth_group_permissions; Type: TABLE DATA; Schema: public; Owner: -
--

COPY public.auth_group_permissions (id, group_id, permission_id) FROM stdin;
\.


--
-- Data for Name: auth_permission; Type: TABLE DATA; Schema: public; Owner: -
--

COPY public.auth_permission (id, name, content_type_id, codename) FROM stdin;
1	Can add log entry	1	add_logentry
2	Can change log entry	1	change_logentry
3	Can delete log entry	1	delete_logentry
4	Can view log entry	1	view_logentry
5	Can add permission	2	add_permission
6	Can change permission	2	change_permission
7	Can delete permission	2	delete_permission
8	Can view permission	2	view_permission
9	Can add group	3	add_group
10	Can change group	3	change_group
11	Can delete group	3	delete_group
12	Can view group	3	view_group
13	Can add user	4	add_user
14	Can change user	4	change_user
15	Can delete user	4	delete_user
16	Can view user	4	view_user
17	Can add content type	5	add_contenttype
18	Can change content type	5	change_contenttype
19	Can delete content type	5	delete_contenttype
20	Can view content type	5	view_contenttype
21	Can add session	6	add_session
22	Can change session	6	change_session
23	Can delete session	6	delete_session
24	Can view session	6	view_session
25	Can add service	7	add_service
26	Can change service	7	change_service
27	Can delete service	7	delete_service
28	Can view service	7	view_service
29	Can add client	8	add_client
30	Can change client	8	change_client
31	Can delete client	8	delete_client
32	Can view client	8	view_client
33	Can add master	9	add_master
34	Can change master	9	change_master
35	Can delete master	9	delete_master
36	Can view master	9	view_master
37	Can add appointment	10	add_appointment
38	Can change appointment	10	change_appointment
39	Can delete appointment	10	delete_appointment
40	Can view appointment	10	view_appointment
41	Can add blacklisted token	11	add_blacklistedtoken
42	Can change blacklisted token	11	change_blacklistedtoken
43	Can delete blacklisted token	11	delete_blacklistedtoken
44	Can view blacklisted token	11	view_blacklistedtoken
45	Can add outstanding token	12	add_outstandingtoken
46	Can change outstanding token	12	change_outstandingtoken
47	Can delete outstanding token	12	delete_outstandingtoken
48	Can view outstanding token	12	view_outstandingtoken
\.


--
-- Data for Name: auth_user; Type: TABLE DATA; Schema: public; Owner: -
--

COPY public.auth_user (id, password, last_login, is_superuser, username, first_name, last_name, email, is_staff, is_active, date_joined) FROM stdin;
14	pbkdf2_sha256$1000000$tliy9wA8DSioX0BetQcxEw$a+/CDKM5TmuldErBbOW/e4Nf57RAQV3cHtGRWd5LuKk=	\N	f	asdf				f	t	2025-05-29 21:39:49.722785+00
15	pbkdf2_sha256$1000000$ouv3OH5tKL3N6FP3DVI1l6$L+mmnjhJBBL0cljDEYZISPJY0xk53+Cmo6td6Cb+VN0=	2025-05-30 09:52:19.96914+00	f	client1				f	t	2025-05-30 09:52:11.791377+00
3	pbkdf2_sha256$1000000$d8AV3dYtt8HP4i1k3Fxuds$32Hs37peEBrAQxQF+aWscKwJ6tTmp+msQaW5s2KO4ec=	2025-05-30 11:46:52.970409+00	t	tigr195			t@gmail.com	t	t	2025-05-27 18:18:24.141765+00
12	pbkdf2_sha256$1000000$hbtsOOa9Wybnmhxre1WQw2$ZJs8hl1IEY8NYiyu00spg8E1Ez3gpZX6b3A6pODkwXM=	\N	f	top1				f	t	2025-05-29 19:45:42.676284+00
13	pbkdf2_sha256$1000000$s8eCJ5ZSsnwKAC2yLVeQJT$25UQGef0d8IThC+XPOeIlGZSS62mGl9LxOX6xQLNuUs=	2025-05-29 20:12:03.087754+00	f	top2				f	t	2025-05-29 19:46:04.498055+00
\.


--
-- Data for Name: auth_user_groups; Type: TABLE DATA; Schema: public; Owner: -
--

COPY public.auth_user_groups (id, user_id, group_id) FROM stdin;
\.


--
-- Data for Name: auth_user_user_permissions; Type: TABLE DATA; Schema: public; Owner: -
--

COPY public.auth_user_user_permissions (id, user_id, permission_id) FROM stdin;
\.


--
-- Data for Name: django_admin_log; Type: TABLE DATA; Schema: public; Owner: -
--

COPY public.django_admin_log (id, action_time, object_id, object_repr, action_flag, change_message, content_type_id, user_id) FROM stdin;
5	2025-05-27 20:39:59.019341+00	5	Oleg	1	[{"added": {}}]	4	3
6	2025-05-27 20:40:32.62203+00	5	Oleg	2	[]	4	3
7	2025-05-27 20:44:34.048532+00	5	Oleg	3		4	3
8	2025-05-28 19:44:40.053883+00	7	Ivan	1	[{"added": {}}, {"added": {"name": "master", "object": "Ivan Ivan"}}]	4	3
9	2025-05-29 13:00:26.121976+00	1	Замена масла	1	[{"added": {}}]	7	3
10	2025-05-29 13:11:14.531351+00	1	Ivan - Замена масла on 2005-01-12 at 16:00	3		10	3
11	2025-05-29 13:13:13.111789+00	2	Шиномонтаж	1	[{"added": {}}]	7	3
12	2025-05-29 13:13:44.84619+00	3	Диагностика ошибок	1	[{"added": {}}]	7	3
13	2025-05-29 19:43:28.147042+00	8	top1master	3		4	3
14	2025-05-29 19:43:28.147042+00	9	дщпшт	3		4	3
15	2025-05-29 19:45:00.051639+00	2	лев	3		9	3
16	2025-05-29 19:45:23.079299+00	11	top1	3		4	3
17	2025-05-29 19:45:30.950569+00	4	asdf	3		4	3
18	2025-05-29 19:45:30.950569+00	7	Ivan	3		4	3
19	2025-05-29 19:45:30.950569+00	6	qwer	3		4	3
20	2025-05-29 19:45:30.950569+00	10	дщпшт	3		4	3
\.


--
-- Data for Name: django_content_type; Type: TABLE DATA; Schema: public; Owner: -
--

COPY public.django_content_type (id, app_label, model) FROM stdin;
1	admin	logentry
2	auth	permission
3	auth	group
4	auth	user
5	contenttypes	contenttype
6	sessions	session
7	Auto_Service	service
8	Auto_Service	client
9	Auto_Service	master
10	Auto_Service	appointment
11	token_blacklist	blacklistedtoken
12	token_blacklist	outstandingtoken
\.


--
-- Data for Name: django_migrations; Type: TABLE DATA; Schema: public; Owner: -
--

COPY public.django_migrations (id, app, name, applied) FROM stdin;
1	contenttypes	0001_initial	2025-05-27 18:12:59.512583+00
2	auth	0001_initial	2025-05-27 18:12:59.555918+00
3	Auto_Service	0001_initial	2025-05-27 18:12:59.592812+00
4	admin	0001_initial	2025-05-27 18:12:59.608966+00
5	admin	0002_logentry_remove_auto_add	2025-05-27 18:12:59.615758+00
6	admin	0003_logentry_add_action_flag_choices	2025-05-27 18:12:59.623754+00
7	contenttypes	0002_remove_content_type_name	2025-05-27 18:12:59.640538+00
8	auth	0002_alter_permission_name_max_length	2025-05-27 18:12:59.650558+00
9	auth	0003_alter_user_email_max_length	2025-05-27 18:12:59.658895+00
10	auth	0004_alter_user_username_opts	2025-05-27 18:12:59.667165+00
11	auth	0005_alter_user_last_login_null	2025-05-27 18:12:59.676239+00
12	auth	0006_require_contenttypes_0002	2025-05-27 18:12:59.67831+00
13	auth	0007_alter_validators_add_error_messages	2025-05-27 18:12:59.685565+00
14	auth	0008_alter_user_username_max_length	2025-05-27 18:12:59.69659+00
15	auth	0009_alter_user_last_name_max_length	2025-05-27 18:12:59.704906+00
16	auth	0010_alter_group_name_max_length	2025-05-27 18:12:59.715098+00
17	auth	0011_update_proxy_permissions	2025-05-27 18:12:59.723401+00
18	auth	0012_alter_user_first_name_max_length	2025-05-27 18:12:59.734146+00
19	sessions	0001_initial	2025-05-27 18:12:59.742987+00
20	token_blacklist	0001_initial	2025-05-27 18:12:59.770849+00
21	token_blacklist	0002_outstandingtoken_jti_hex	2025-05-27 18:12:59.779701+00
22	token_blacklist	0003_auto_20171017_2007	2025-05-27 18:12:59.79068+00
23	token_blacklist	0004_auto_20171017_2013	2025-05-27 18:12:59.802524+00
24	token_blacklist	0005_remove_outstandingtoken_jti	2025-05-27 18:12:59.813607+00
25	token_blacklist	0006_auto_20171017_2113	2025-05-27 18:12:59.822576+00
26	token_blacklist	0007_auto_20171017_2214	2025-05-27 18:12:59.848758+00
27	token_blacklist	0008_migrate_to_bigautofield	2025-05-27 18:12:59.877586+00
28	token_blacklist	0010_fix_migrate_to_bigautofield	2025-05-27 18:12:59.89327+00
29	token_blacklist	0011_linearizes_history	2025-05-27 18:12:59.896484+00
30	token_blacklist	0012_alter_outstandingtoken_user	2025-05-27 18:12:59.905854+00
31	Auto_Service	0002_alter_appointment_status	2025-05-29 13:10:08.241779+00
32	Auto_Service	0003_alter_appointment_time	2025-05-30 10:41:24.02673+00
33	Auto_Service	0004_alter_appointment_time	2025-05-30 10:51:39.455527+00
\.


--
-- Data for Name: django_session; Type: TABLE DATA; Schema: public; Owner: -
--

COPY public.django_session (session_key, session_data, expire_date) FROM stdin;
4t9p6wphblnbgmedsgsyexdt59v6re6e	.eJylUMmSmzAQ_RefMxRCRmPlFhvsgoxEMWa_UELsq23seFAq_x7ZNYfJOYe-dL9-2-9Vym7XOr3NxSVt8tX3FYCrb1-XGeNdMT4uecvGalL4NF4vTaY8IMrndVbIlBf99hP7D0HN5lp-MwizAgPISi3faAAwxDOUQQ3wQtdQziACqARq8YrX61KHiEOGdRWBHKINBghJUsZ5Mc_pdZIikrFY7Do78MZpbMsXFqCNNVvju853FrK6UxTsbKxIkJpp1z7rsVpE295qpyYOaZtEVFjNvUmi-i53H1S4a-q5umNYy9vOPsWR2zitCalRAWp0gLSSfDip7CjJB0slgylo-F47oV0T4S4kjHU6mDptq4UcfOEY5E6Frz008oj2vMenRBojHsXK_ojW9KqyX8ny1gV4AkEbpiZm409B9k4fu-AM_CjfvuSmjH0pyksx1_-fmw_BIEew3SNLsOZPP1x1jFhQr1uI9MrCvfq1D-o9-zjnh04KWhrxfEgMu02MTnbTqTT0Yez9gDK7IOK9S4ykpR6_O8eHqUAkkV2y8NmlKF0lup39ROCdq7lb18cGdiu_g3F1qfRNGlcvyXIJXkt7NAVf_fkLpYHeIw:1uKjbe:bsfpHI8IU7owzXsBQSx8gHwS2HUTg020Uh1IWnoukAQ	2025-06-12 20:12:02.536972+00
idnb9yryagv9rzyp6ousg9q31j03n7u5	.eJylUMuSojAU_RfXU1QID3F2CC2D04TSRh7ZUCEJkgiIom3L1Pz7hKle9KxncTfnnse959eiJPdbU95Hfi0FW3xfGItvX7GK0BPv5wWTpD-eNXrub1dRaTNF-9yOWnRmvF1_cv8xaMjYKLXlAOjUwLINCJfMrhhYVrVT8ZpYcGlSBmxLpwYDzCG8tlYGN4kOV47JagfY0K6UKaGUj2N5O6sQ5cif26YKqIjFNjxMoY5EOIb93qJeaIenIU-97UpTJFDBW1u1K8DzdRvKsygyJHGOplA8BM6bh8I-0LQzUXIy4yQEr952KPKdiOWLgfyjHidHGMndGHYDIG_KXJ50NLkKc63IRxLJ3VTInRllqUSweBTwMEUJlpE8gDmD5ail7WrA6rDIAFr-TAvXbeCeF7WnZ1WQNH3Qb947PF14ietoc2E_g9iTG1d9feX1lY_N_79Nu7RTMxFPCbrUnAVRQkHsF-p194m8hyDZBnytA8m_dVxYcJoDRZS4VpGsG5REilMA7G_aIjtMse_quHuBONlL7B-M4jkflU4439Ykm6tEK03vdOI3P-p3Fj9fHUO0-PiWXsB1uAfDsKY9yEWZR_cJp8fF7z94hN3h:1uKwNc:7NzN9WTfBPGe5qcYDPYksk8CfQQjHk9LMV8xzt-Cles	2025-06-13 09:50:24.492802+00
pal7ybod7hgblkla9630wcbwxoablgfp	.eJylUMuumzAU_JesG2QcA5fu8iRGF6MkhNcG2ca8CTQQJaHqv9eJrqp23cXZzMyZOWd-zhJ6G4vkNohrUqaz7zNVm337G2SU1-LyYtKKXvJO4d1lvJZMeUmUL3ZQnC4VzepL-49BQYdCblMOKTQ0LdMNpmZQ1z8EYxCBjKcZYiKlgGWLDED1A2lQN1BqUB0Ik5vCMEGGDGlKORfDkIydDJGO4mkXzOKlW9r4PGGVlHjAl6PG11jHdR_6a9tUpAgwODasMYEIVw2uujIKSBWHZMLlvYzD4i6xB5kOiFTLp0TVz7XdR-GhdKvtgmxy1fXyhTPVA257QE_SXOoc6FckwCj2askfYNweNMdzINlI3DojZ1q-sHdGGpKGN2Yfy8MczzcVnWs45vXW0nxjB7s6Py3FHiXH5wM_zSi4LRKffM4ZiA5Ivn0V2VUMxf__zVu_lTPRtVxofcTf93DgbiJEvO3knu4lDXbgTx9ejcjkaLKPH6lVy0AMnSCa3E3TkqooIi8HUevXUSV_rlZNVL16IoXrxZVzeh3lT3FoZzR4d6lmB2VOx8a2Iss4jT2eo422Q7egfpz1Oc2Ru98f96w_q-m6H5ezX78BHeLeOg:1uKxMv:xRhx6W3JBIinUZEsfGACmDj57ZhSji8y51VCrVzk2Ms	2025-06-13 10:53:45.371485+00
\.


--
-- Data for Name: token_blacklist_blacklistedtoken; Type: TABLE DATA; Schema: public; Owner: -
--

COPY public.token_blacklist_blacklistedtoken (id, blacklisted_at, token_id) FROM stdin;
\.


--
-- Data for Name: token_blacklist_outstandingtoken; Type: TABLE DATA; Schema: public; Owner: -
--

COPY public.token_blacklist_outstandingtoken (id, token, created_at, expires_at, user_id, jti) FROM stdin;
1	eyJhbGciOiJIUzI1NiIsInR5cCI6IkpXVCJ9.eyJ0b2tlbl90eXBlIjoicmVmcmVzaCIsImV4cCI6MTc0ODQ2NDIxMiwiaWF0IjoxNzQ4Mzc3ODEyLCJqdGkiOiIxNDk0MzdmMzcyNTM0OTMzOGQyN2FlOWM2MjI0MmYwMCIsInVzZXJfaWQiOjN9.Of9RCwEIKk2EkSGoomun3ROnY_qSiq8e60s2uRkV63Q	2025-05-27 20:30:12.068857+00	2025-05-28 20:30:12+00	3	149437f3725349338d27ae9c62242f00
2	eyJhbGciOiJIUzI1NiIsInR5cCI6IkpXVCJ9.eyJ0b2tlbl90eXBlIjoicmVmcmVzaCIsImV4cCI6MTc0ODQ2NDIzMSwiaWF0IjoxNzQ4Mzc3ODMxLCJqdGkiOiI0ZTMwYjc1OWIzZGI0MzM1OTM0NGRlMGJjYTI5ZjYyMCIsInVzZXJfaWQiOjN9.hNRDs3fHTl6c8DBQOwGBDPYwfAVr4QakpgS5ACNMgCQ	2025-05-27 20:30:31.321698+00	2025-05-28 20:30:31+00	3	4e30b759b3db43359344de0bca29f620
7	eyJhbGciOiJIUzI1NiIsInR5cCI6IkpXVCJ9.eyJ0b2tlbl90eXBlIjoicmVmcmVzaCIsImV4cCI6MTc0ODYzMjUxNiwiaWF0IjoxNzQ4NTQ2MTE2LCJqdGkiOiJiYzdmNmY0MzgzNTM0NzllOTk1NzlkMzM2YmJkYmEyOCIsInVzZXJfaWQiOjN9.rPkrDdb-wuAhq3TWeRTVq72wefdCfGproZmXdC9N444	2025-05-29 19:15:16.183022+00	2025-05-30 19:15:16+00	3	bc7f6f438353479e99579d336bbdba28
8	eyJhbGciOiJIUzI1NiIsInR5cCI6IkpXVCJ9.eyJ0b2tlbl90eXBlIjoicmVmcmVzaCIsImV4cCI6MTc0ODYzMjc2MSwiaWF0IjoxNzQ4NTQ2MzYxLCJqdGkiOiJmMGE0NmIwMGRmZTY0MTgxYWIyMGZlZDQ2MTVmNGI3ZSIsInVzZXJfaWQiOjN9.OkVoyH6d7M1ojJsvf93dazNk1jsOm9-eqISt5KTJeZY	2025-05-29 19:19:21.798042+00	2025-05-30 19:19:21+00	3	f0a46b00dfe64181ab20fed4615f4b7e
3	eyJhbGciOiJIUzI1NiIsInR5cCI6IkpXVCJ9.eyJ0b2tlbl90eXBlIjoicmVmcmVzaCIsImV4cCI6MTc0ODQ2NDczNCwiaWF0IjoxNzQ4Mzc4MzM0LCJqdGkiOiI1ZGU4NWNjZDdjN2U0ZDcyYWVlYTZkZGFjMjI4NWMxYyIsInVzZXJfaWQiOjR9.d7YV6vpxntieZgEbk1Z36TWq0oaG4litE1RZGUZgQpE	2025-05-27 20:38:54.014601+00	2025-05-28 20:38:54+00	\N	5de85ccd7c7e4d72aeea6ddac2285c1c
4	eyJhbGciOiJIUzI1NiIsInR5cCI6IkpXVCJ9.eyJ0b2tlbl90eXBlIjoicmVmcmVzaCIsImV4cCI6MTc0ODQ2Nzk3NiwiaWF0IjoxNzQ4MzgxNTc2LCJqdGkiOiIwYzE0NDZiNTFjMTg0NDZjOGNkN2Q3ZTI4OTQyMjhjNCIsInVzZXJfaWQiOjR9.Rf-lLp8tcB5Pgn2-qnNKPxqAGRxKMTcV2OvnoCe0O4A	2025-05-27 21:32:56.547747+00	2025-05-28 21:32:56+00	\N	0c1446b51c18446c8cd7d7e2894228c4
5	eyJhbGciOiJIUzI1NiIsInR5cCI6IkpXVCJ9.eyJ0b2tlbl90eXBlIjoicmVmcmVzaCIsImV4cCI6MTc0ODUyODU5NiwiaWF0IjoxNzQ4NTI4NTg2LCJqdGkiOiIyOWUyMmRkZWQ3Mjk0MmI3YmFhMmE1ZmQ5YTVjMDg1OSIsInVzZXJfaWQiOjd9.vEcZTuSc3jYCJvlsQIqcBShaf2sP-ZELT5IZg2__LEY	2025-05-29 14:23:06.437399+00	2025-05-29 14:23:16+00	\N	29e22dded72942b7baa2a5fd9a5c0859
6	eyJhbGciOiJIUzI1NiIsInR5cCI6IkpXVCJ9.eyJ0b2tlbl90eXBlIjoicmVmcmVzaCIsImV4cCI6MTc0ODYxNTAzMSwiaWF0IjoxNzQ4NTI4NjMxLCJqdGkiOiI0NGM4OTI4Mjk1OWI0NmRhOThkMGMyOTE5NGYzNzI3ZiIsInVzZXJfaWQiOjd9.YTbxlUJ9v82cKQ_Ef9eXvcivQ6ifrbkBHK7mg1i7Bsw	2025-05-29 14:23:51.234514+00	2025-05-30 14:23:51+00	\N	44c89282959b46da98d0c29194f3727f
9	eyJhbGciOiJIUzI1NiIsInR5cCI6IkpXVCJ9.eyJ0b2tlbl90eXBlIjoicmVmcmVzaCIsImV4cCI6MTc0ODYzNTkyMiwiaWF0IjoxNzQ4NTQ5NTIyLCJqdGkiOiI2MTU3MDJjZDk3NDk0NWU3YTA3NmEzMzRkZDZjNTcwOSIsInVzZXJfaWQiOjEzfQ.XuqUZz9CQ2QBQU9D9QgUk3Ygrg58_Yg-ZyrV7fJnEzc	2025-05-29 20:12:02.520701+00	2025-05-30 20:12:02+00	13	615702cd974945e7a076a334dd6c5709
10	eyJhbGciOiJIUzI1NiIsInR5cCI6IkpXVCJ9.eyJ0b2tlbl90eXBlIjoicmVmcmVzaCIsImV4cCI6MTc0ODYzNTkyMywiaWF0IjoxNzQ4NTQ5NTIzLCJqdGkiOiJjNDY5YjBmYjAzMGE0Y2ViOWYyMmY5ZmYwNmNiOGVkZSIsInVzZXJfaWQiOjEzfQ.hzHqXEuUcDei7lDmixF58OY74hl_umGUD6JA5-vQTuk	2025-05-29 20:12:03.089306+00	2025-05-30 20:12:03+00	13	c469b0fb030a4ceb9f22f9ff06cb8ede
11	eyJhbGciOiJIUzI1NiIsInR5cCI6IkpXVCJ9.eyJ0b2tlbl90eXBlIjoicmVmcmVzaCIsImV4cCI6MTc0ODYzNTk0MCwiaWF0IjoxNzQ4NTQ5NTQwLCJqdGkiOiJmMTNkNmY5ZGUyMDY0NTc3YWQ4Y2Q4NmIxMGViZmY2YyIsInVzZXJfaWQiOjN9.dDtNikgEaLyMVKWs4-lOHEMHVuCuN97-jmG3KjFkeXM	2025-05-29 20:12:20.928017+00	2025-05-30 20:12:20+00	3	f13d6f9de2064577ad8cd86b10ebff6c
12	eyJhbGciOiJIUzI1NiIsInR5cCI6IkpXVCJ9.eyJ0b2tlbl90eXBlIjoicmVmcmVzaCIsImV4cCI6MTc0ODYzNjE4NiwiaWF0IjoxNzQ4NTQ5Nzg2LCJqdGkiOiI5YzE4ZjRhYmQ2Yzk0OGYzOThmYTI4NzUyZjExOGY1YiIsInVzZXJfaWQiOjN9.nVHNX9xa3YLc3TgOoPM1Z-cahwQGUgea5XWZ41pY1EU	2025-05-29 20:16:26.609613+00	2025-05-30 20:16:26+00	3	9c18f4abd6c948f398fa28752f118f5b
13	eyJhbGciOiJIUzI1NiIsInR5cCI6IkpXVCJ9.eyJ0b2tlbl90eXBlIjoicmVmcmVzaCIsImV4cCI6MTc0ODY4NTAyNCwiaWF0IjoxNzQ4NTk4NjI0LCJqdGkiOiJiMTA5YTBhNTMxNzY0ZDFlYWUzODA1ZmE2ZTRjZDU3YyIsInVzZXJfaWQiOjN9.1m1aDhHfvdOyL83ilZgSVq0rpuGppBcn0Xi_XMuzZVg	2025-05-30 09:50:24.466032+00	2025-05-31 09:50:24+00	3	b109a0a531764d1eae3805fa6e4cd57c
14	eyJhbGciOiJIUzI1NiIsInR5cCI6IkpXVCJ9.eyJ0b2tlbl90eXBlIjoicmVmcmVzaCIsImV4cCI6MTc0ODY4NTEzOSwiaWF0IjoxNzQ4NTk4NzM5LCJqdGkiOiI2MWYzODlmNjhhYTg0YmVkYjVjNjBlYjg3MzNhOTZjMSIsInVzZXJfaWQiOjE1fQ.-atlJGYG7StpI-4D5F4uWkxU6-ag4OHHRHbpU1dCptA	2025-05-30 09:52:19.971212+00	2025-05-31 09:52:19+00	15	61f389f68aa84bedb5c60eb8733a96c1
\.


--
-- Name: Auto_Service_appointment_id_seq; Type: SEQUENCE SET; Schema: public; Owner: -
--

SELECT pg_catalog.setval('public."Auto_Service_appointment_id_seq"', 6, true);


--
-- Name: Auto_Service_client_id_seq; Type: SEQUENCE SET; Schema: public; Owner: -
--

SELECT pg_catalog.setval('public."Auto_Service_client_id_seq"', 4, true);


--
-- Name: Auto_Service_master_id_seq; Type: SEQUENCE SET; Schema: public; Owner: -
--

SELECT pg_catalog.setval('public."Auto_Service_master_id_seq"', 5, true);


--
-- Name: Auto_Service_service_id_seq; Type: SEQUENCE SET; Schema: public; Owner: -
--

SELECT pg_catalog.setval('public."Auto_Service_service_id_seq"', 6, true);


--
-- Name: auth_group_id_seq; Type: SEQUENCE SET; Schema: public; Owner: -
--

SELECT pg_catalog.setval('public.auth_group_id_seq', 1, false);


--
-- Name: auth_group_permissions_id_seq; Type: SEQUENCE SET; Schema: public; Owner: -
--

SELECT pg_catalog.setval('public.auth_group_permissions_id_seq', 1, false);


--
-- Name: auth_permission_id_seq; Type: SEQUENCE SET; Schema: public; Owner: -
--

SELECT pg_catalog.setval('public.auth_permission_id_seq', 48, true);


--
-- Name: auth_user_groups_id_seq; Type: SEQUENCE SET; Schema: public; Owner: -
--

SELECT pg_catalog.setval('public.auth_user_groups_id_seq', 1, false);


--
-- Name: auth_user_id_seq; Type: SEQUENCE SET; Schema: public; Owner: -
--

SELECT pg_catalog.setval('public.auth_user_id_seq', 15, true);


--
-- Name: auth_user_user_permissions_id_seq; Type: SEQUENCE SET; Schema: public; Owner: -
--

SELECT pg_catalog.setval('public.auth_user_user_permissions_id_seq', 1, false);


--
-- Name: django_admin_log_id_seq; Type: SEQUENCE SET; Schema: public; Owner: -
--

SELECT pg_catalog.setval('public.django_admin_log_id_seq', 20, true);


--
-- Name: django_content_type_id_seq; Type: SEQUENCE SET; Schema: public; Owner: -
--

SELECT pg_catalog.setval('public.django_content_type_id_seq', 12, true);


--
-- Name: django_migrations_id_seq; Type: SEQUENCE SET; Schema: public; Owner: -
--

SELECT pg_catalog.setval('public.django_migrations_id_seq', 33, true);


--
-- Name: token_blacklist_blacklistedtoken_id_seq; Type: SEQUENCE SET; Schema: public; Owner: -
--

SELECT pg_catalog.setval('public.token_blacklist_blacklistedtoken_id_seq', 1, false);


--
-- Name: token_blacklist_outstandingtoken_id_seq; Type: SEQUENCE SET; Schema: public; Owner: -
--

SELECT pg_catalog.setval('public.token_blacklist_outstandingtoken_id_seq', 14, true);


--
-- Name: Auto_Service_appointment Auto_Service_appointment_pkey; Type: CONSTRAINT; Schema: public; Owner: -
--

ALTER TABLE ONLY public."Auto_Service_appointment"
    ADD CONSTRAINT "Auto_Service_appointment_pkey" PRIMARY KEY (id);


--
-- Name: Auto_Service_client Auto_Service_client_phone_key; Type: CONSTRAINT; Schema: public; Owner: -
--

ALTER TABLE ONLY public."Auto_Service_client"
    ADD CONSTRAINT "Auto_Service_client_phone_key" UNIQUE (phone);


--
-- Name: Auto_Service_client Auto_Service_client_pkey; Type: CONSTRAINT; Schema: public; Owner: -
--

ALTER TABLE ONLY public."Auto_Service_client"
    ADD CONSTRAINT "Auto_Service_client_pkey" PRIMARY KEY (id);


--
-- Name: Auto_Service_client Auto_Service_client_user_id_key; Type: CONSTRAINT; Schema: public; Owner: -
--

ALTER TABLE ONLY public."Auto_Service_client"
    ADD CONSTRAINT "Auto_Service_client_user_id_key" UNIQUE (user_id);


--
-- Name: Auto_Service_master Auto_Service_master_phone_key; Type: CONSTRAINT; Schema: public; Owner: -
--

ALTER TABLE ONLY public."Auto_Service_master"
    ADD CONSTRAINT "Auto_Service_master_phone_key" UNIQUE (phone);


--
-- Name: Auto_Service_master Auto_Service_master_pkey; Type: CONSTRAINT; Schema: public; Owner: -
--

ALTER TABLE ONLY public."Auto_Service_master"
    ADD CONSTRAINT "Auto_Service_master_pkey" PRIMARY KEY (id);


--
-- Name: Auto_Service_master Auto_Service_master_user_id_key; Type: CONSTRAINT; Schema: public; Owner: -
--

ALTER TABLE ONLY public."Auto_Service_master"
    ADD CONSTRAINT "Auto_Service_master_user_id_key" UNIQUE (user_id);


--
-- Name: Auto_Service_service Auto_Service_service_pkey; Type: CONSTRAINT; Schema: public; Owner: -
--

ALTER TABLE ONLY public."Auto_Service_service"
    ADD CONSTRAINT "Auto_Service_service_pkey" PRIMARY KEY (id);


--
-- Name: auth_group auth_group_name_key; Type: CONSTRAINT; Schema: public; Owner: -
--

ALTER TABLE ONLY public.auth_group
    ADD CONSTRAINT auth_group_name_key UNIQUE (name);


--
-- Name: auth_group_permissions auth_group_permissions_group_id_permission_id_0cd325b0_uniq; Type: CONSTRAINT; Schema: public; Owner: -
--

ALTER TABLE ONLY public.auth_group_permissions
    ADD CONSTRAINT auth_group_permissions_group_id_permission_id_0cd325b0_uniq UNIQUE (group_id, permission_id);


--
-- Name: auth_group_permissions auth_group_permissions_pkey; Type: CONSTRAINT; Schema: public; Owner: -
--

ALTER TABLE ONLY public.auth_group_permissions
    ADD CONSTRAINT auth_group_permissions_pkey PRIMARY KEY (id);


--
-- Name: auth_group auth_group_pkey; Type: CONSTRAINT; Schema: public; Owner: -
--

ALTER TABLE ONLY public.auth_group
    ADD CONSTRAINT auth_group_pkey PRIMARY KEY (id);


--
-- Name: auth_permission auth_permission_content_type_id_codename_01ab375a_uniq; Type: CONSTRAINT; Schema: public; Owner: -
--

ALTER TABLE ONLY public.auth_permission
    ADD CONSTRAINT auth_permission_content_type_id_codename_01ab375a_uniq UNIQUE (content_type_id, codename);


--
-- Name: auth_permission auth_permission_pkey; Type: CONSTRAINT; Schema: public; Owner: -
--

ALTER TABLE ONLY public.auth_permission
    ADD CONSTRAINT auth_permission_pkey PRIMARY KEY (id);


--
-- Name: auth_user_groups auth_user_groups_pkey; Type: CONSTRAINT; Schema: public; Owner: -
--

ALTER TABLE ONLY public.auth_user_groups
    ADD CONSTRAINT auth_user_groups_pkey PRIMARY KEY (id);


--
-- Name: auth_user_groups auth_user_groups_user_id_group_id_94350c0c_uniq; Type: CONSTRAINT; Schema: public; Owner: -
--

ALTER TABLE ONLY public.auth_user_groups
    ADD CONSTRAINT auth_user_groups_user_id_group_id_94350c0c_uniq UNIQUE (user_id, group_id);


--
-- Name: auth_user auth_user_pkey; Type: CONSTRAINT; Schema: public; Owner: -
--

ALTER TABLE ONLY public.auth_user
    ADD CONSTRAINT auth_user_pkey PRIMARY KEY (id);


--
-- Name: auth_user_user_permissions auth_user_user_permissions_pkey; Type: CONSTRAINT; Schema: public; Owner: -
--

ALTER TABLE ONLY public.auth_user_user_permissions
    ADD CONSTRAINT auth_user_user_permissions_pkey PRIMARY KEY (id);


--
-- Name: auth_user_user_permissions auth_user_user_permissions_user_id_permission_id_14a6b632_uniq; Type: CONSTRAINT; Schema: public; Owner: -
--

ALTER TABLE ONLY public.auth_user_user_permissions
    ADD CONSTRAINT auth_user_user_permissions_user_id_permission_id_14a6b632_uniq UNIQUE (user_id, permission_id);


--
-- Name: auth_user auth_user_username_key; Type: CONSTRAINT; Schema: public; Owner: -
--

ALTER TABLE ONLY public.auth_user
    ADD CONSTRAINT auth_user_username_key UNIQUE (username);


--
-- Name: django_admin_log django_admin_log_pkey; Type: CONSTRAINT; Schema: public; Owner: -
--

ALTER TABLE ONLY public.django_admin_log
    ADD CONSTRAINT django_admin_log_pkey PRIMARY KEY (id);


--
-- Name: django_content_type django_content_type_app_label_model_76bd3d3b_uniq; Type: CONSTRAINT; Schema: public; Owner: -
--

ALTER TABLE ONLY public.django_content_type
    ADD CONSTRAINT django_content_type_app_label_model_76bd3d3b_uniq UNIQUE (app_label, model);


--
-- Name: django_content_type django_content_type_pkey; Type: CONSTRAINT; Schema: public; Owner: -
--

ALTER TABLE ONLY public.django_content_type
    ADD CONSTRAINT django_content_type_pkey PRIMARY KEY (id);


--
-- Name: django_migrations django_migrations_pkey; Type: CONSTRAINT; Schema: public; Owner: -
--

ALTER TABLE ONLY public.django_migrations
    ADD CONSTRAINT django_migrations_pkey PRIMARY KEY (id);


--
-- Name: django_session django_session_pkey; Type: CONSTRAINT; Schema: public; Owner: -
--

ALTER TABLE ONLY public.django_session
    ADD CONSTRAINT django_session_pkey PRIMARY KEY (session_key);


--
-- Name: token_blacklist_blacklistedtoken token_blacklist_blacklistedtoken_pkey; Type: CONSTRAINT; Schema: public; Owner: -
--

ALTER TABLE ONLY public.token_blacklist_blacklistedtoken
    ADD CONSTRAINT token_blacklist_blacklistedtoken_pkey PRIMARY KEY (id);


--
-- Name: token_blacklist_blacklistedtoken token_blacklist_blacklistedtoken_token_id_key; Type: CONSTRAINT; Schema: public; Owner: -
--

ALTER TABLE ONLY public.token_blacklist_blacklistedtoken
    ADD CONSTRAINT token_blacklist_blacklistedtoken_token_id_key UNIQUE (token_id);


--
-- Name: token_blacklist_outstandingtoken token_blacklist_outstandingtoken_jti_hex_d9bdf6f7_uniq; Type: CONSTRAINT; Schema: public; Owner: -
--

ALTER TABLE ONLY public.token_blacklist_outstandingtoken
    ADD CONSTRAINT token_blacklist_outstandingtoken_jti_hex_d9bdf6f7_uniq UNIQUE (jti);


--
-- Name: token_blacklist_outstandingtoken token_blacklist_outstandingtoken_pkey; Type: CONSTRAINT; Schema: public; Owner: -
--

ALTER TABLE ONLY public.token_blacklist_outstandingtoken
    ADD CONSTRAINT token_blacklist_outstandingtoken_pkey PRIMARY KEY (id);


--
-- Name: Auto_Service_appointment_client_id_71f25777; Type: INDEX; Schema: public; Owner: -
--

CREATE INDEX "Auto_Service_appointment_client_id_71f25777" ON public."Auto_Service_appointment" USING btree (client_id);


--
-- Name: Auto_Service_appointment_master_id_10a2f3dd; Type: INDEX; Schema: public; Owner: -
--

CREATE INDEX "Auto_Service_appointment_master_id_10a2f3dd" ON public."Auto_Service_appointment" USING btree (master_id);


--
-- Name: Auto_Service_appointment_service_id_5e71097f; Type: INDEX; Schema: public; Owner: -
--

CREATE INDEX "Auto_Service_appointment_service_id_5e71097f" ON public."Auto_Service_appointment" USING btree (service_id);


--
-- Name: Auto_Service_client_phone_24e6a8e1_like; Type: INDEX; Schema: public; Owner: -
--

CREATE INDEX "Auto_Service_client_phone_24e6a8e1_like" ON public."Auto_Service_client" USING btree (phone varchar_pattern_ops);


--
-- Name: Auto_Service_master_phone_5a565439_like; Type: INDEX; Schema: public; Owner: -
--

CREATE INDEX "Auto_Service_master_phone_5a565439_like" ON public."Auto_Service_master" USING btree (phone varchar_pattern_ops);


--
-- Name: auth_group_name_a6ea08ec_like; Type: INDEX; Schema: public; Owner: -
--

CREATE INDEX auth_group_name_a6ea08ec_like ON public.auth_group USING btree (name varchar_pattern_ops);


--
-- Name: auth_group_permissions_group_id_b120cbf9; Type: INDEX; Schema: public; Owner: -
--

CREATE INDEX auth_group_permissions_group_id_b120cbf9 ON public.auth_group_permissions USING btree (group_id);


--
-- Name: auth_group_permissions_permission_id_84c5c92e; Type: INDEX; Schema: public; Owner: -
--

CREATE INDEX auth_group_permissions_permission_id_84c5c92e ON public.auth_group_permissions USING btree (permission_id);


--
-- Name: auth_permission_content_type_id_2f476e4b; Type: INDEX; Schema: public; Owner: -
--

CREATE INDEX auth_permission_content_type_id_2f476e4b ON public.auth_permission USING btree (content_type_id);


--
-- Name: auth_user_groups_group_id_97559544; Type: INDEX; Schema: public; Owner: -
--

CREATE INDEX auth_user_groups_group_id_97559544 ON public.auth_user_groups USING btree (group_id);


--
-- Name: auth_user_groups_user_id_6a12ed8b; Type: INDEX; Schema: public; Owner: -
--

CREATE INDEX auth_user_groups_user_id_6a12ed8b ON public.auth_user_groups USING btree (user_id);


--
-- Name: auth_user_user_permissions_permission_id_1fbb5f2c; Type: INDEX; Schema: public; Owner: -
--

CREATE INDEX auth_user_user_permissions_permission_id_1fbb5f2c ON public.auth_user_user_permissions USING btree (permission_id);


--
-- Name: auth_user_user_permissions_user_id_a95ead1b; Type: INDEX; Schema: public; Owner: -
--

CREATE INDEX auth_user_user_permissions_user_id_a95ead1b ON public.auth_user_user_permissions USING btree (user_id);


--
-- Name: auth_user_username_6821ab7c_like; Type: INDEX; Schema: public; Owner: -
--

CREATE INDEX auth_user_username_6821ab7c_like ON public.auth_user USING btree (username varchar_pattern_ops);


--
-- Name: django_admin_log_content_type_id_c4bce8eb; Type: INDEX; Schema: public; Owner: -
--

CREATE INDEX django_admin_log_content_type_id_c4bce8eb ON public.django_admin_log USING btree (content_type_id);


--
-- Name: django_admin_log_user_id_c564eba6; Type: INDEX; Schema: public; Owner: -
--

CREATE INDEX django_admin_log_user_id_c564eba6 ON public.django_admin_log USING btree (user_id);


--
-- Name: django_session_expire_date_a5c62663; Type: INDEX; Schema: public; Owner: -
--

CREATE INDEX django_session_expire_date_a5c62663 ON public.django_session USING btree (expire_date);


--
-- Name: django_session_session_key_c0390e0f_like; Type: INDEX; Schema: public; Owner: -
--

CREATE INDEX django_session_session_key_c0390e0f_like ON public.django_session USING btree (session_key varchar_pattern_ops);


--
-- Name: token_blacklist_outstandingtoken_jti_hex_d9bdf6f7_like; Type: INDEX; Schema: public; Owner: -
--

CREATE INDEX token_blacklist_outstandingtoken_jti_hex_d9bdf6f7_like ON public.token_blacklist_outstandingtoken USING btree (jti varchar_pattern_ops);


--
-- Name: token_blacklist_outstandingtoken_user_id_83bc629a; Type: INDEX; Schema: public; Owner: -
--

CREATE INDEX token_blacklist_outstandingtoken_user_id_83bc629a ON public.token_blacklist_outstandingtoken USING btree (user_id);


--
-- Name: Auto_Service_appointment Auto_Service_appoint_client_id_71f25777_fk_Auto_Serv; Type: FK CONSTRAINT; Schema: public; Owner: -
--

ALTER TABLE ONLY public."Auto_Service_appointment"
    ADD CONSTRAINT "Auto_Service_appoint_client_id_71f25777_fk_Auto_Serv" FOREIGN KEY (client_id) REFERENCES public."Auto_Service_client"(id) DEFERRABLE INITIALLY DEFERRED;


--
-- Name: Auto_Service_appointment Auto_Service_appoint_master_id_10a2f3dd_fk_Auto_Serv; Type: FK CONSTRAINT; Schema: public; Owner: -
--

ALTER TABLE ONLY public."Auto_Service_appointment"
    ADD CONSTRAINT "Auto_Service_appoint_master_id_10a2f3dd_fk_Auto_Serv" FOREIGN KEY (master_id) REFERENCES public."Auto_Service_master"(id) DEFERRABLE INITIALLY DEFERRED;


--
-- Name: Auto_Service_appointment Auto_Service_appoint_service_id_5e71097f_fk_Auto_Serv; Type: FK CONSTRAINT; Schema: public; Owner: -
--

ALTER TABLE ONLY public."Auto_Service_appointment"
    ADD CONSTRAINT "Auto_Service_appoint_service_id_5e71097f_fk_Auto_Serv" FOREIGN KEY (service_id) REFERENCES public."Auto_Service_service"(id) DEFERRABLE INITIALLY DEFERRED;


--
-- Name: Auto_Service_client Auto_Service_client_user_id_0d51b76e_fk_auth_user_id; Type: FK CONSTRAINT; Schema: public; Owner: -
--

ALTER TABLE ONLY public."Auto_Service_client"
    ADD CONSTRAINT "Auto_Service_client_user_id_0d51b76e_fk_auth_user_id" FOREIGN KEY (user_id) REFERENCES public.auth_user(id) DEFERRABLE INITIALLY DEFERRED;


--
-- Name: Auto_Service_master Auto_Service_master_user_id_fe1b8ce6_fk_auth_user_id; Type: FK CONSTRAINT; Schema: public; Owner: -
--

ALTER TABLE ONLY public."Auto_Service_master"
    ADD CONSTRAINT "Auto_Service_master_user_id_fe1b8ce6_fk_auth_user_id" FOREIGN KEY (user_id) REFERENCES public.auth_user(id) DEFERRABLE INITIALLY DEFERRED;


--
-- Name: auth_group_permissions auth_group_permissio_permission_id_84c5c92e_fk_auth_perm; Type: FK CONSTRAINT; Schema: public; Owner: -
--

ALTER TABLE ONLY public.auth_group_permissions
    ADD CONSTRAINT auth_group_permissio_permission_id_84c5c92e_fk_auth_perm FOREIGN KEY (permission_id) REFERENCES public.auth_permission(id) DEFERRABLE INITIALLY DEFERRED;


--
-- Name: auth_group_permissions auth_group_permissions_group_id_b120cbf9_fk_auth_group_id; Type: FK CONSTRAINT; Schema: public; Owner: -
--

ALTER TABLE ONLY public.auth_group_permissions
    ADD CONSTRAINT auth_group_permissions_group_id_b120cbf9_fk_auth_group_id FOREIGN KEY (group_id) REFERENCES public.auth_group(id) DEFERRABLE INITIALLY DEFERRED;


--
-- Name: auth_permission auth_permission_content_type_id_2f476e4b_fk_django_co; Type: FK CONSTRAINT; Schema: public; Owner: -
--

ALTER TABLE ONLY public.auth_permission
    ADD CONSTRAINT auth_permission_content_type_id_2f476e4b_fk_django_co FOREIGN KEY (content_type_id) REFERENCES public.django_content_type(id) DEFERRABLE INITIALLY DEFERRED;


--
-- Name: auth_user_groups auth_user_groups_group_id_97559544_fk_auth_group_id; Type: FK CONSTRAINT; Schema: public; Owner: -
--

ALTER TABLE ONLY public.auth_user_groups
    ADD CONSTRAINT auth_user_groups_group_id_97559544_fk_auth_group_id FOREIGN KEY (group_id) REFERENCES public.auth_group(id) DEFERRABLE INITIALLY DEFERRED;


--
-- Name: auth_user_groups auth_user_groups_user_id_6a12ed8b_fk_auth_user_id; Type: FK CONSTRAINT; Schema: public; Owner: -
--

ALTER TABLE ONLY public.auth_user_groups
    ADD CONSTRAINT auth_user_groups_user_id_6a12ed8b_fk_auth_user_id FOREIGN KEY (user_id) REFERENCES public.auth_user(id) DEFERRABLE INITIALLY DEFERRED;


--
-- Name: auth_user_user_permissions auth_user_user_permi_permission_id_1fbb5f2c_fk_auth_perm; Type: FK CONSTRAINT; Schema: public; Owner: -
--

ALTER TABLE ONLY public.auth_user_user_permissions
    ADD CONSTRAINT auth_user_user_permi_permission_id_1fbb5f2c_fk_auth_perm FOREIGN KEY (permission_id) REFERENCES public.auth_permission(id) DEFERRABLE INITIALLY DEFERRED;


--
-- Name: auth_user_user_permissions auth_user_user_permissions_user_id_a95ead1b_fk_auth_user_id; Type: FK CONSTRAINT; Schema: public; Owner: -
--

ALTER TABLE ONLY public.auth_user_user_permissions
    ADD CONSTRAINT auth_user_user_permissions_user_id_a95ead1b_fk_auth_user_id FOREIGN KEY (user_id) REFERENCES public.auth_user(id) DEFERRABLE INITIALLY DEFERRED;


--
-- Name: django_admin_log django_admin_log_content_type_id_c4bce8eb_fk_django_co; Type: FK CONSTRAINT; Schema: public; Owner: -
--

ALTER TABLE ONLY public.django_admin_log
    ADD CONSTRAINT django_admin_log_content_type_id_c4bce8eb_fk_django_co FOREIGN KEY (content_type_id) REFERENCES public.django_content_type(id) DEFERRABLE INITIALLY DEFERRED;


--
-- Name: django_admin_log django_admin_log_user_id_c564eba6_fk_auth_user_id; Type: FK CONSTRAINT; Schema: public; Owner: -
--

ALTER TABLE ONLY public.django_admin_log
    ADD CONSTRAINT django_admin_log_user_id_c564eba6_fk_auth_user_id FOREIGN KEY (user_id) REFERENCES public.auth_user(id) DEFERRABLE INITIALLY DEFERRED;


--
-- Name: token_blacklist_blacklistedtoken token_blacklist_blacklistedtoken_token_id_3cc7fe56_fk; Type: FK CONSTRAINT; Schema: public; Owner: -
--

ALTER TABLE ONLY public.token_blacklist_blacklistedtoken
    ADD CONSTRAINT token_blacklist_blacklistedtoken_token_id_3cc7fe56_fk FOREIGN KEY (token_id) REFERENCES public.token_blacklist_outstandingtoken(id) DEFERRABLE INITIALLY DEFERRED;


--
-- Name: token_blacklist_outstandingtoken token_blacklist_outs_user_id_83bc629a_fk_auth_user; Type: FK CONSTRAINT; Schema: public; Owner: -
--

ALTER TABLE ONLY public.token_blacklist_outstandingtoken
    ADD CONSTRAINT token_blacklist_outs_user_id_83bc629a_fk_auth_user FOREIGN KEY (user_id) REFERENCES public.auth_user(id) DEFERRABLE INITIALLY DEFERRED;


--
-- PostgreSQL database dump complete
--

